id,date,title,article,summary
12229120,2016年11月2日 15時53分,三重県鈴鹿市 野菜の高騰を受け、給食を2日間中止へ,台風や天候不順による野菜の高騰を受け、三重県鈴鹿市教育委員会は、市立の小学校全３０校と幼稚園全１３園の給食を１２月と来年１月に１日ずつ、中止することを決めた。　市教委によると、中止する日は２学期最後の１２月２０日と３学期最初の来年１月１２日。子供に弁当を持参させるか、午前中で帰宅させるかは各校・各園が判断する。学校によっては、中止する日が、さらに増える可能性があるとしている。　市教委の担当者は「給食費の臨時徴収や値上げも考えたが、保護者への負担を少なくするため中止を決断した。来年度は給食費の値上げも検討したい」と説明している。,三重県鈴鹿市教育委員会は給食を2日間、中止することを決めた.野菜の高騰を受け、市立の小学校全30校と幼稚園全13園の給食を中止する.担当者は「保護者への負担を少なくするため中止を決断した」と説明した.
12229738,2016年11月2日 16時40分,小学生の列にトラックが突っ込み4人重軽傷 19歳の少年「話していた」,２日朝、千葉県八街市で登校中の小学生の列にトラックが突っ込み、小学生４人が重軽傷を負った。　警察によると、２日午前７時１０分頃、千葉県八街市文違の国道で登校中の小学生１１人の列にトラックが突っ込み、小学３年生の男児１人が重傷、小２男児・小３男児・小５女児の計３人が軽傷を負った。重傷を負った男児は、頭蓋骨を骨折しているが命に別条はないという。　警察は、トラックを運転していた自称・建設会社社員で千葉県茂原市の１９歳の少年を過失運転致傷の疑いで現行犯逮捕した。少年は調べに対し「助手席の同僚と話していたら左側の歩道を歩いていた子どもに接触しそうになり、ハンドルを右に切ったら対向車が来たため、避けようとさらにハンドルを左に切ったら子どもたちにぶつかった」などと話しているという。　少年に、酒を飲んだり薬物を使ったりしていた形跡はないということだが、警察が事故の詳しい状況を調べている。,千葉県八街市で2日、小学生の列にトラックが突っ込み4人が重軽傷を負った.警察はトラックを運転していた19歳の少年を過失運転致傷の疑いで現行犯逮捕.少年は調べに対し「助手席の同僚と話していた」などと話している.
12230021,2016年11月2日 16時37分,山本有二農水相の発言 蓮舫代表「驚き以外のなにものでもない」,外部サイトにニュースが存在します。,要約が存在しません。
12230276,2016年11月2日 16時50分,イタリア中部でのM6.6の地震 地盤が最大70cm動いたと研究者ら発表,【AFP＝時事】イタリア中部で先月30日に起きたマグニチュード（M）6.6の地震で、研究者らは1日、地震が起こった地域の地盤が最大で70センチ動いたと発表した。　イタリア学術研究会議（Italian National Research Council）が発表した声明によると、衛星画像から130平方キロを超える範囲で地形に変化が見られるという。　最も変化が大きかったのは、ノルチャ（Norcia）近くの、震源からわずか6キロしか離れていないカステッルッチョ（Castelluccio）で、最大70センチの地盤の隆起または沈下があったという。　イタリアの観測所によると、先月30日の地震は震源がとても浅かったという。またこの地震の後、約1100回の余震が観測されている。【翻訳編集】AFPBB News,要約が存在しません。
12228380,2016年11月2日 16時48分,高樹沙耶容疑者の元夫の中西圭三 逮捕報道でとばっちりか,大麻所持で逮捕された元女優の高樹沙耶（本名・益戸育江）容疑者（５３）だが、思わぬ“とばっちり”を受けている者がいる。高樹容疑者の元夫でシンガー・ソングライターの中西圭三（５１）だ。逮捕直後は高樹容疑者の元夫として、ワイドショーなどで名前が出まくった。　２、３日後は「中西圭三」という名前は消え、「シンガー・ソングライター」という表記となったが、土日の情報番組やワイドショーでは再び「中西圭三」が復活してしまった。大麻と並んで名前が出るのは、決してイメージはよくない。　また、さらに輪をかけて、印象を悪くしているのが、高樹容疑者の“男遍歴”に注目が集まっていることだ。週刊誌には「男にのめり込む性格」「男と大麻に溺れ続けた」「男に流される女」などの見出しが躍っている。　ワイドショーも週刊誌も、今回一緒に逮捕された男たちと同じように、中西も“過去の男”の１人として報じているが、２人が離婚したのは１５年以上も前。それが再び蒸し返されるのは、中西があまりに気の毒である。　実は中西にとって、今年は「デビュー２５周年」という特別な年だ。９月には「Ｗｏｍａｎ」「Ｃｈｏｏ　Ｃｈｏｏ　ＴＲＡＩＮ」などのヒット曲３０曲を集めたベストアルバムを発売。本人自らが“ジャパネット風”に宣伝ＣＭに出演するなど、気合の入り方が違うのだ。「今月１０日には、デビュー２５周年と自らの誕生日を祝うためのライブを都内で行う予定です。ＭＣ中に高樹容疑者について触れるのかどうか。会場の出入り口にはコメントを取ろうと、マスコミが集まるでしょう。タイミング的には、まさに最悪です」（芸能リポーター）　高樹容疑者について、いまだに沈黙を守っている中西。かつての妻の逮捕に何を思うのか――。,高樹沙耶容疑者の元夫・中西圭三が、逮捕報道でとばっちりを受けているそう.ワイドショーなどで「大麻」と並んで名前が出るため、イメージダウン.離婚したのは15年以上も前で、再び蒸し返されるのはあまりに気の毒だと筆者.
12227735,2016年11月2日 13時58分,愛子さま長期欠席の「真相」を関係者が語る 雅子さまと同じ？,ぐっと気温が下がり、行き交う人々の服装に冬の気配さえ感じられた10月最後の週末。各地でハロウィンが盛り上がる中、学習院女子中等科で文化祭『八重桜祭』が開催された。　花をあしらったプラカードが飾りつけられた校門を、保護者や受験を控えた家族連れが続々とくぐっていく。各クラスの出し物や学習発表の展示に人の輪ができ、あちこちで楽しそうな笑い声が響いていた――しかし、年に1度のお祭りの日に、愛子さまのお姿はなかった。「10月上旬の体育祭に続き、愛子さまは文化祭も欠席されました。これで、9月26日から始まった長期欠席は1か月以上に及びます。最近は、一時期細くなっていた食も戻られ、体調もかなり快復されてきています。お部屋で本や教科書を開かれたり、お庭に出て少し散歩されることもあるそうです」（皇室記者）　お休み中、体調が悪くても愛子さまは学校とクラスメートに思いを馳せられていた。「愛子さまは東宮御所の中でクラスの出し物の景品作りをされていたそうです。文化祭は、体育祭などと並んで大きな学校行事の1つ。特に今年は中等科最後の文化祭でしたから、何かしら協力したいというお気持ちも強かったのでしょう」（学習院関係者）　愛子さまのクラスの出し物は、『雅女』（みやびじょ）というタイトルで、迷路とクイズを組み合わせた「体と頭」で楽しめる内容。迷路の途中で出題されるクイズに答えながら、マネキンの頭にのせた毛糸で「三つ編みを作る」などといったチャレンジも。7つの関門に挑戦し、獲得した得点によって景品がもらえるというものだった。「景品には、細い毛糸にビーズを通して作ったミサンガや千代紙で彩られたマグネット、シュシュなど、女性が“かわいい！”と思わず手に取りたくなるようなものばかり。景品は、生徒たちが手作りしたものでした。愛子さまも、本番当日を思いながら、お休み中に景品作りをされたそうです」（前出・学習院関係者）◆「あくびもできない。顔もかけない」　少しずつ、ご快復の様子が漏れ伝わってきた愛子さま。「夏休みが明けて以降、体育祭、テスト、文化祭とイベントが続きましたが、ここで一段落。通常の授業に戻るタイミングでもあり、愛子さまの登校再開もご様子を見ながら検討されているといいます」（前出・皇室記者）　しかし、長期欠席に至った原因だけは隠され続けている。「宮内庁側は欠席の理由をあくまで『お疲れ』によるものだと一貫して説明し、詳細を明かしてきませんでした。その間に、『交友関係の問題』や『摂食障害』などさまざまな噂が飛び交いました」（前出・皇室記者）　真相はなんなのか。ある宮内庁関係者が愛子さまの未来を憂い、本誌・女性セブンにだけ重い口を開いた。「愛子さまの欠席の理由は、お母さまの雅子さまと同じなんです。つまり、皇族としての世間からの注目度の高さに、ショックを受けてしまわれたのです」　今夏、愛子さまは皇太子ご夫妻の公務に同行され、式典に参列されるなど、それまでに増して人々の眼前にお出ましになる機会が多かった。凜とされたそのお姿に「皇族としてのご自覚の強さ」を感じたという報道も少なくなかった。「天皇陛下の生前退位報道、それに続くお気持ち表明を受けて、愛子さまは新たに、“14才の内親王”が皇室のためにできることを精一杯お務めになりました。もちろん、以前からご自分が皇族、さらには皇太子の娘であることは自覚されていますし、多くの人の視線を一身に浴びることになることはおわかりになられていたと思います。　しかし、実際に多くのお出ましを経験される中で、そのプレッシャーは予想以上に重かったのではないでしょうか。砕けた言い方をしてしまえば、周囲の目がある時はあくびもできなければ顔がかゆいからとポリポリかけない。一瞬たりとも気を抜けず、笑顔を崩すこともできないのです」（前出・宮内庁関係者）　民間から皇室に嫁がれた雅子さまにも、プリンセスフィーバーの怒濤の波が押し寄せた。皇太子妃になることの現実は、予想だにしないほどハードルの高いものだった。それと同様のことが、愛子さまを襲ったのだ。「中学生が“お疲れ”を理由に長く休むのはおかしい、という意見もあったと聞きます。ですが日本全国を見て、愛子さまのお立場にある中学生は、愛子さまご本人しかいらっしゃいません。“お疲れ”も、他の中学生が経験するものとは別次元だと理解すべきでしょう」（前出・宮内庁関係者）　愛子さまが一日も早く笑顔を取り戻されることを願ってやまない。撮影■雑誌協会代表取材※女性セブン2016年11月17日号,長期欠席が続く愛子さまの真相を宮内庁関係者が「女性セブン」に話した.愛子さまの欠席の理由は、お母さまの雅子さまと同じという.皇族としての世間からの注目度の高さに、ショックを受けてしまわれたそう.
12227750,2016年11月2日 16時21分,日本で人気の車種 中国では「鳴かず飛ばず」であるワケ,2016年10月31日、捜狐汽車は、日本でよく売れる自動車が中国では鳴かず飛ばずである理由について分析した記事を掲載した。高級車やSUVが人気の中国に対して、日本ではミニバンや小型車が人気だ。日本の自動車メーカーの技術力は中国でも高く評価されているが、日本で人気の車種が中国で人気がないのはなぜか。記事はその理由について、「中国ではSUVが人気絶頂であること」「中国の消費者にとって自動車を購入することは依然として富の象徴であるが、日本では市場が成熟し、実用性がより重視されていること」「日本人は比較的細やかだが、中国人はメンツが大事で、より大きくより強いものを良しとすること」「日本は80〜90年代に渋滞に悩まされてきた経験があるが、中国人はまだ日本人ほど交通について理解が深くないこと」の4つを挙げている。記事は、日本とは状況や文化が異なるため、今後20年は日本市場とは異なる流れになるだろうと分析。上海や北京といった大都市では理性を保った消費に移行し、日本などと同じような傾向を示すかもしれないが、地方都市ではSUVの人気が今後も続いていくとの見方を示している。（翻訳・編集/北田）,中国メディアが10月31日、日本で人気の車が中国で売れない理由を報じた.日本ではミニバンや小型車が人気だが、中国ではSUVが人気絶頂だと指摘.中国人はメンツが大事で、より大きく強いものを良しとすると分析した.
12230080,2016年11月2日 16時27分,黒田博樹 現役最後の相手、大谷翔平にコメント「ショッキングだった」,日本シリーズ第７戦を見たかった。野球ファンなら誰もが、そう思ったに違いない。今季限りで引退するレジェンド、広島・黒田博樹（４１）と規格外の二刀流、日本ハム・大谷翔平（２２）の投げ合い。今の日本球界でこれ以上のマッチアップがあるだろうか。この２人で日本一を競うのだから、どれだけの盛り上がりを見せたことか。　結果的に黒田の現役最後の相手も「打者・大谷」だった。日本シリーズ第３戦（１０月２５日・札幌Ｄ）、２―１の広島リードで迎えた６回１死、大谷を１３４キロのスプリットで左飛に打ち取った。この直後に両足がつるアクシデントで緊急降板。これが最後の投球になった。レジェンドから、怪物へ、次世代を託す―。偶然にしては出来過ぎ。世代交代のシーンとして、あまりに美しかった。　第６戦で終戦が決まった試合後、黒田は大谷についてこうコメントした。「次元が違うというか、（投打）すべてが一流というのはありえないと思っていたので、ショッキングだったというか。対戦してやっぱりすごいなと。なかなか出会うことはない。アスリートとして次元が違う感じは受けました」。　また、その前にはこうも話していた。「見ていると、すごくうらやましいですよ」。一方で、「ただ彼もいつかはそういう時がくるだろうし、どう自分で変わっていくか。それは彼だけじゃなく、今のカープの投手陣も。１５０キロをずっと投げ続けられる訳じゃないから」。　プロ２０年のキャリア。広島でエースを務め、７年間プレーしたメジャーでも、ローテーションを守り続けた。１５０キロを超えるスピードボールとフォークを武器にしてきた黒田も、メジャーではボールを動かす投球スタイルに変えた。「そうしないと生き残っていけなかったから」。試行錯誤し、積み上げた２０３の勝ち星には意地とプライドが詰まっている。　黒田は当面、自宅のある米国で「野球のことを忘れて」のんびり過ごすという。いつの日か、メジャーへ渡った大谷と、再会する日があるかもしれない。それまでに大谷がどんな進化を遂げるか、興味深く見守っているはずだ。（記者コラム・角野　敬介）,黒田博樹の現役最後の相手は日本ハムの大谷翔平となった.大谷について「すべてが一流というのはありえないと思っていた」とコメント.「ショッキングだったというか。対戦してやっぱりすごい」と語っていた.
12229249,2016年11月2日 15時22分,熊切あさ美が藤原紀香へ強烈な皮肉を連発？報道陣あぜん,結婚後も、芸能界をザワつかせている片岡愛之助と藤原紀香夫妻。そんな愛之助と昨年、泥沼破局劇を繰り広げた熊切あさ美が10月27日、フランスのシャンパンのブランド「ヴーヴ・クリコ『イエローウィン』」のイベントに登場。紀香を痛烈に皮肉るようなワードを連発し、集まった報道陣をあぜんとさせていたという。「熊切と共にイベントに出席したヒロミが『次に交際するなら、歌舞伎界からどうか？』とぶっ込んだのですが、熊切は『こっちもダメだし、向こう側もダメだと思います！』と、さっそく愛之助を連想させるようなコメントを残し、記者たちから笑いが漏れていました」（ワイドショー関係者）　この日のイベントは特にNG事項というものがなく、囲み取材は歯止めをかける者がいなかったそうで……。「ある記者が、熊切へ『未来の彼氏に、メッセージを』と呼びかけたんです。すると熊切は、『謙虚に後ろに3歩下がって……』と言いだした。この“後ろに3歩”といえば、梨園の妻を表すときの枕詞のようなもの。紀香への当てつけとも取れるこのコメントに、記者たちは沸き返っていました。そこに、ヒロミが『3歩下がっては、ちょっとアレだから……』とフォローしようとしたのですが、熊切は『じゃあ、3歩前に出て』と、今度は紀香が前に出ていると言われていることを意識したかのような返しになってしまい、またも記者たちを爆笑させていました」（同）　現場では、これらのコメントを熊切がわざと言ったのか、そうではないのかを測るような質問も上がったという。「ある記者が『3歩下がって……は、伝統芸能とかで言われるものでは？』と尋ねたところ、熊切は『親にそう言って育てられてきた』と釈明。さらに『計算とかできないんで』と、天然発言であることをアピールしていました。しかし、囲み終了後、記者たちは“疑惑”を深めていましたね」（同）　かつて“崖っぷちアイドル”といわれた熊切だが、今後も崖から飛び降りるような、思い切りのいいトークを期待したいところだ。,熊切あさ美がイベントで、藤原紀香を皮肉るような強烈な発言をしたという.記者に「3歩下がって」と話し梨園の妻を表す枕詞のようなものを言ったそう.藤原への当てつけともされる発言に、報道陣は唖然としていたとのこと.
12229291,2016年11月2日 16時44分,ペ・ヨンジュン 「親バカ」愛で1千万円以上の豪邸改造？,ペ・ヨンジュン（44）の妻で、タレントのパク・スジン（30）が、10月23日に第1子となる男児を出産した。ヨン様は、待望の我が子の誕生に大喜び。「さっそく親しい友人たちには赤ちゃんの写真をメールで送ってくれました。赤ちゃんもスジンさんの産後の肥立ちも良好で、ヨン様はとても喜んでいます」（ヨン様の知人）冬ソナブームのころから、「早く子供がほしい。1人目は男の子、2人目は女の子がいい」と話していたというヨン様。10月末、ソウル市内にあるヨン様の4億円豪邸を訪れると、ちょうど作業服姿の男性が車から出てきた。「もう3週間ほどリフォーム工事をやっていますよ。断熱材を入れて、赤ちゃん用の“完全暖房”ルームを作っていると聞いています。工事の規模から見て、1千万円以上かけた大規模なリフォームだと思いますよ」（近所の住人）作業員に聞くと「私たちは庭師です。あと2、3日で終わります」。子供が安心して遊べるように、庭も改造しているのだろうか。やっぱりヨン様には幸せでいてほしい。ヨン様の“親バカ”愛で、ヨンジュン2世がすくすく育ちますように――。,10月23日、ペ・ヨンジュンに第1子となる男児が誕生した.ソウル市内の豪邸は、1千万円以上かけたリフォームをしているもよう.子供用の完全暖房ルームを作っていると聞いた、と近所の住人は話した.
12229230,2016年11月2日 16時17分,藤原紀香のブログ写真に疑惑の声「この修正はひどい」,女優の藤原紀香さんが自身のブログにドレス姿の写真を投稿。ネットでは『修正しすぎてまるで別人！』と話題になっています。10月30日、紀香さんは「ハロウィン色の着物とドレス」というタイトルでブログを更新。かぼちゃ色のドレスを着用した写真を公開しました。しかし、不自然なほどシュッとしたフェイスラインや腕 に、違和感を抱いた人が多数いた模様。画像の修正疑惑が浮上しています。●コンプレックス隠し？ブログ写真に疑惑の声最近は炎上女優 として注目されている紀香さん。歌舞伎俳優・片岡愛之助さんと結婚し、梨園の妻デビューを果たしましたが、そのポジションに相応しくない言動や自慢話を繰り返したことで、非難が集中しています。世間からは「年相応の振る舞いをするべき」 との指摘もあり、目立ちたがりで空気が読めない性格を、疎ましく思う声があがっていました。そんななかアップされた、ドレス姿の写真。以前より紀香さんが更新しているブログに投稿されたものですが、普段よりフェイスラインや腕がほっそりとしており、45歳とは思えないほど若々しい姿です。しかし、あまりの不自然さにネットでは『修正しすぎ』との厳しい突っ込みが。最近は、特別な技術がなくてもアプリなどで簡単に顔を美しく修正できます。紀香さんがそのようなツールを使用したのかは定かではありませんが、「自分大好き」な様子が伺える彼女であればあり得る話。一部では『顔がパンパン』とのコメントが相次いでいたため、コンプレックスに感じていたのでは？との憶測も飛び交っています。●ネットでは、否定的なコメント多数！『相変わらずの必死具合。この修正はひどいね』『梨園の妻って……結構暇なんだね』『爆笑したwwツッコミ待ちじゃないの？w』『ダレノガレみたいになってるよ！』『年の割に普通にスタイルいいのに何で加工するんだか。そこが痛いよね』『黙ってれば普通に綺麗なのにね。喋ったり、メディアに頻繁に出てくると残念さが出てくる』ネットでは、批判的な声が多く上がっています。なかには、綺麗なのにわざわざ修正するところが痛い…… との指摘も。最近は、頬のたるみや肉付きの良さなどで話題になっている紀香さんですが、かつては抜群のスタイルと美貌で多くの男性を虜にしていました。現在も年齢の割には美しいため、わざわざ写真を加工するところが「年相応の行動ではない」と否定的に捉えられたようです。----------結婚により、梨園の妻となった紀香さん。ブログでは夫のチケットを完売させるため、公演をPRする機会が多くなりました。しかし自己主張の強さは未だ衰えず、投稿する内容で炎上することもしばしば……。今回の写真が加工された画像かどうかは判断しかねますが、そのような推測が浮上するほど、彼女の痛い性格は露呈されているということでしょう。現在40代半ばの紀香さんですが、今後、年齢に見合った落ち着いた振る舞いを見せてくれるのか……気になるところです。【画像出典元リンク】・藤原紀香 「☆氣愛と喜愛で♪ノリノリノリカ☆」／http://ameblo.jp/norika-fujiwara628/entry-12214574086.html（文／恋愛jp編集部）,藤原紀香のブログ写真に疑惑の声があがっていると「恋愛jp」が伝えた.不自然なフェイスラインや腕に、違和感を抱いた人が多数いた模様.「この修正はひどいね」「ツッコミ待ちじゃないの？w」との声がでている.
12229869,2016年11月2日 15時56分,気象衛星「ひまわり9号」搭載のH-IIAロケット31号機 打ち上げに成功,宇宙航空研究開発機構(JAXA)と三菱重工業(MHI)は11月2日15時20分、種子島宇宙センターにて静止気象衛星「ひまわり9号」を搭載したH-IIAロケット31号機の打ち上げを実施し、成功した。同ロケットは当初11月1日に打ち上げられる予定だったが、悪天候のため延期されていた。「ひまわり9号」は、2014年に打ち上げられた「ひまわり8号」の同型機で、「ひまわり8号」に何らかの問題が生じた場合に備えたバックアップを務める。また2022年度からは立場が入れ替わり、9号がメインの観測を、8号がバックアップを務める。運用期間は8年以上となる見込み。また今回の打ち上げでは、新しい試みとして、ロケットの側面に人気漫画『宇宙兄弟』のイラストが掲載されている。これは日本宇宙少年団主催の企画で、「夢」をテーマにした画像を広く募集し、その画像を使って『宇宙兄弟』の巨大なモザイク・アートを作成。それがロケットにラッピングされた形となる。(周藤瞳美),ひまわり9号を搭載したH-IIAロケット31号機の打ち上げが2日、成功した.1日に打ち上げられる予定だったが、悪天候のため延期されていた.ロケットの側面には「宇宙兄弟」のイラストが掲載されている.
12229514,2016年11月2日 15時24分,NTTドコモが「iモード」ガラケーの出荷を終了へ 歴史に幕,ＮＴＴドコモは２日、「ｉモード」ベースの従来型携帯電話（ガラケー）を年内いっぱいをめどに出荷を終了し、在庫販売だけにとどめると発表した。　ｉモードのサービス自体は当面継続するという。　ドコモが販売中のガラケーは、独自のネット接続方式によるｉモード方式の機種と、スマートフォンと同じ高速通信による「ｓｐモード」方式の２種類がある。このうちｉモード方式は、携帯端末でのインターネット接続が普及する前の１９９９年の年初にドコモが独自に開発して提供。スマホ時代を迎えるまで一世を風靡した。　ｉモードは携帯電話でネット接続やメールのやり取りができる通信サービスで、９月末時点の契約数は１７４２万件ある。店頭ではｉモードベースのガラケーは「Ｐ−０１Ｈ」「Ｆ−０７Ｆ」など６機種が販売されている。らくらくホンなど一部の機種は当面販売を継続する。,NTTドコモは2日、「iモード」のガラケーを年内で出荷を終了すると発表した.iモード方式は、1999年にドコモが独自に開発して提供.スマートフォン時代を迎えるまで、一世を風靡した.
12229447,2016年11月2日 14時14分,山本有二農林水産相の冗談発言 野党が猛反発し辞任要求,環太平洋戦略的経済連携協定（ＴＰＰ）承認案と関連法案をめぐる２日の衆院特別委員会の採決は見送られることになった。　山本有二農林水産相が承認案の強行採決に触れた自身の発言を１日夜に「冗談」と発言したことに野党が猛反発し、自民党は委員会採決の見送りを民進党に伝えた。野党は「閣僚の資質に欠ける」として山本氏の辞任を要求しており、ＴＰＰの衆院採決をめぐる与野党の攻防は再び緊迫してきた。　民進、共産、自由、社民の野党４党の国対委員長は２日午前、国会内で会談し、山本氏の辞任を求めることで一致。２日午後の衆院ＴＰＰ特別委と４日の衆院本会議の採決に応じない方針も確認した。　これを受け、自民党の竹下亘国対委員長と民進党の山井和則国対委員長が会談。竹下氏は他の委員会質疑への影響を避けるため、衆院特別委の採決を見送る方針を伝えた。山本氏の辞任要求については「人事権のある官邸に伝える」と述べた。　与野党は１日にＴＰＰ承認案などについて２日の衆院特別委、４日の衆院本会議でそれぞれ採決する方針で合意したが、山本氏の発言で合意は崩れ、４日の衆院本会議採決も不透明な情勢だ。　民進党の蓮舫代表は２日の参院議員総会で、山本氏の発言について「理解不能だ。審議に影響が出ると言わざるを得ない」と批判。与党の公明党の漆原良夫中央幹事会会長も記者会見で「猛省を促したい」と不快感を示した。　一方、菅（すが）義（よし）偉（ひで）官房長官は記者会見で、山本氏について「軽率な発言を深く反省している。辞任する話ではない」と述べた。,山本農林水産相がTPP承認案の強行採決に触れた発言を1日に「冗談」と発言.野党が猛反発し、「閣僚の資質に欠ける」として山本氏の辞任を要求した.TPPの衆院採決をめぐる与野党の攻防は、再び緊迫してきている.
12229495,2016年11月2日 14時4分,巨人の大田泰示&公文克彦と、日本ハムの吉川光夫&石川慎吾の2対2でトレード,巨人・大田泰示外野手（２６）、公文克彦投手（２４）と、日本ハム・吉川光夫投手（２８）、石川慎吾外野手（２３）による「２対２」の交換トレードが成立したことが２日、スポーツ報知の取材で分かった。大田は０８年のドラフト１位、吉川は０６年の高校生ドラフト１巡目で１２年のＭＶＰ左腕。「ドラ１」同士の大型トレードとなる。　大田は東海大相模高で高校通算６５本塁打を放ち、松井秀喜さんの背番号「５５」を継承した。入団５年で２本塁打に終わり、６年目の１４年から背番号「４４」に変更。昨季は１０試合で４番を務め、今季は６２試合で打率２割２厘、４本塁打、１３打点だった。日本ハム・大谷から先頭打者本塁打を放つなど、日本人離れしたパワーは折り紙付き。球団には、まだ２６歳と若い未完の大器に対し、環境を変えることで全能力を発揮してほしいという思いも強く、今季の日本一チームでのプレーが実現することになった。　吉川は広陵高から日本ハムに入団。１２年に１４勝５敗、防御率１・７１の好成績を挙げ、最優秀防御率、ＭＶＰに輝いた。１４年には開幕投手を務め、昨年は２度目の２ケタとなる１１勝をマークした。今季も序盤から先発としてチームを支え、終盤には抑えも経験。プロ初セーブを挙げ、７勝６敗３セーブ、防御率４・１９だった。　パワーヒッターを求める日本ハムと、投手陣の整備を進める巨人の思惑が一致。また、両選手に加え、日本ハムが変則中継ぎ左腕の公文を獲得し、右の代打が手薄な巨人が左投手に強い石川を補強する。日本シリーズ終了直後、来季のＶ奪回を目指す巨人と２年連続日本一を狙う日本ハムの間で、積極的な大型トレードが成立した。　◆大田　泰示（おおた・たいし）１９９０年６月９日、広島・三次市生まれ。２６歳。東海大相模高で通算６５本塁打し、０８年ドラフトで巨人、ソフトバンクが１位競合。原辰徳監督（当時）がくじを引き当てた。通算２２５試合、打率２割２分９厘、９本塁打、４０打点。１８８センチ、９５キロ。右投右打。今季年俸２１００万円。　◆公文　克彦（くもん・かつひこ）１９９２年３月４日、高知県生まれ。２４歳。高知高３年時、夏の甲子園で史上初の２日連続降雨ノーゲームを経て、再々試合で如水館（広島）に勝利。大阪ガスから１２年ドラフト４位で巨人に入団。通算１５登板で０勝０敗、防御率３・０７。１７３センチ、７８キロ。左投左打。今季年俸８５０万円。　◆吉川　光夫（よしかわ・みつお）１９８８年４月６日、福岡市生まれ。２８歳。広島・広陵高から０６年高校生ドラフト１巡目で日本ハム入団。１２年にＭＶＰ、ベストナイン、最優秀防御率を獲得。通算１６２登板、４８勝５６敗３セーブ、防御率３・７１。左投左打。今季年俸は９５００万円。　◆石川　慎吾（いしかわ・しんご）１９９３年４月２７日、大阪府生まれ。２３歳。東大阪大柏原高から１１年ドラフト３位で日本ハムに入団。通算１０３試合、打率１割９分３厘、３本塁打、２３打点。１７８センチ、７６キロ。右投右打。今季年俸１０００万円。,巨人と日ハムで、「2対2」の交換トレードが成立したとスポーツ報知が報じた.巨人の大田泰示と公文克彦、日本ハムの吉川光夫と石川慎吾のトレード.V奪回を目指す巨人と連続日本一を狙う日ハムの間で大型トレードが成立した.
12227010,2016年11月2日 14時1分,「逃げるは恥だが役に立つ」突然のエヴァパロディに反響,【新垣結衣・逃げるは恥だが役に立つ／モデルプレス＝11月1日】女優の新垣結衣が主演をつとめるTBS系ドラマ『逃げるは恥だが役に立つ』（毎週火曜よる10時）の第4話が1日、放送。アニメ「新世紀エヴァンゲリオン」のパロディが、ドラマ内で登場し、話題を呼んでいる。「逃げ恥」“恋ダンス”踊ってみた動画が一大ブーム キレキレのプロ、完全パロディ…個性溢れる再現続々◆新垣結衣＆星野源が“契約夫婦”に同作は、月刊「Kiss」（講談社）で連載中の海野つなみ氏の同名漫画が原作。彼氏なし・院卒なのに内定ゼロ、さらには派遣切りにあい誰からも必要とされない辛さ、居場所の無さを強く感じている25歳の主人公・森山みくり（新垣）が、あることがきっかけで恋愛経験の無い独身サラリーマン・津崎平匡（星野源）と「仕事としての結婚」をすることになる、“夫＝雇用主、妻＝従業員”という契約結婚を描いた社会派ラブコメディ。恋愛感情を持たないはずが、同じ屋根の下で暮らすうち、徐々にお互いを意識し出す妄想女子とウブ男の契約結婚の行方を描いていく。◆新垣結衣、元彼のトラウマを回顧＜第4話ネタバレあり＞第4話では、みくりと津崎の関係に暗雲が。契約結婚が、津崎の後輩の風見（大谷亮平）にバレてしまい、2人の関係が理想的だという風見がみくりの“シェア”を提案。金銭的危機を感じたみくりは、風見の家でも働くことを決意し“シェア婚”がスタートする。みくりが風見との距離をどんどんと縮めていく一方、津崎の態度はどんどんと閉鎖的に。「ほかの男性の影が見えるとすぐに壁を作る。自尊感情の低さゆえだ」と大学院で学んだ心理学の知識を駆使し、津崎の感情を頭の中で分析するみくり。しかし、津崎にそのことを見抜かれ、「詮索するのも分析するのもやめて下さい」と言われてしまう。ショックを受けたみくりが思い出したのは5年前の大学時代。大学の先輩と付き合っていたみくりは、就職活動が上手くいかない彼を励ますため、自分なりに見解を分析しアドバイスをしたところ、「お前、小賢しいんだよ」と別れを切り出されてしまい、それがトラウマになっていたのだった。◆「新世紀エヴァンゲリオン」パロディが細かいその回想シーンで登場したのが、エヴァのパロディ。重厚な音楽に画面いっぱいに大きな文字を表示させる独特なテロップなど、エヴァ風の演出で、元彼の名前も主人公の「碇シンジ」と同じ「シンジくん」。毎回、Twitterのトレンドを関連ワードが席巻する同ドラマだが、今回は「シンジくん」も並び、「みくりの元カレまさかのシンジくんｗｗｗ」「シンジくんシュールすぎてやばい」「エヴァ好きには嬉しい」「BGMもテロップもシンジくんも何もかもエヴァで笑った」など視聴者の間で反響を呼んでいる。なお、同ドラマでは名物番組のパロディが定番化。これまで同局系ドキュメンタリー「情熱大陸」や同局系報道番組「NEWS23」、フジテレビ系アニメ「サザエさん」などの演出が時折挟まれ、第4話ではエヴァのほか、NHKEテレ「2355」を彷彿とさせるシーンが登場していた。（modelpress編集部）,「逃げるは恥だが役に立つ」で、エヴァのパロディが突然登場した.新垣結衣演じる主人公が大学時代に回想したシーンで流れた.ネットでは「エヴァ好きには嬉しい」などと反響を呼んでいる.
12229419,2016年11月2日 13時57分,山本農水相の失言 石破氏が擁護,■石破茂・前地方創生相　（石破派に属する山本有二農水相の失言について）私も閣僚在任中、あるいは幹事長の職を務めております時、発言にはとても気をつけていたのですが、ものすごく疲労が重なった時、あるいは物事がうまく運びそうな時ほど、気をつけなければいけない。そういう時ほど気をつけて、タテヨコ斜め上下左右どこから聞いてもこれはいいんだなということに（そういう安全な発言をするよう）気をつけなければいけない。　（山本）大臣も非常にお疲れもたまっておられることだと思います。なんとかＴＰＰ法案を参院にいい形で送って、早い成立が出来ますよう、私どもとしても出来る限りのことをしていかねばならない。常に緊張感を持ってというのはよく言うことだが、リマインドしてやっていかないと、時々忘れちゃうことがないとはいえない。それだけ公職にある者として努めていかねばならない。（石破派の例会あいさつで）,要約が存在しません。
12229389,2016年11月2日 13時38分,狩野英孝 「女性たちとの思い出のベッド」を破壊される,お笑いタレントの狩野英孝（３４）が１日、フジテレビ系「有吉弘行のダレトク！？」内のコーナーで、思い出のつまったベッドを破壊された。　この日の番組では「破壊ツアー！」と題し、心に傷を持つタレントが切ない思い出の品を破壊し、人生の再スタートを図る新企画が始まった。第１回のゲストとして狩野と、３月に離婚が成立した歌手の高橋ジョージ（５８）が出演した。　高橋は、前妻の「ＭＭさん」と海外旅行に行く際に持参するためのサイズの小さいギターと、「ＭＭさん」と一緒に買ったトイプードルの飼育ケージを出品。巨大な特殊ショベルでこれらが瞬時に破壊されると「あっという間すぎて…」とあっけに取られながらも「なんかスッキリした」と納得の表情を見せた。　これに対して「４年前から愛用のベッド」を出品した狩野は、結婚していた時代に前妻と寝ていたベッドであることを明かしたが、１４年に離婚してからも使い続け、今年２月に“６股騒動”で狩野を追及した「ＫＳさん」ともここで寝たと自ら言及した。　高橋らから「その他のカノジョとも、あるんじゃないの〜」とツッコまれると、一瞬絶句しながら「いや、いつもベッドでことが始まるわけでもないんで」と、言わなくてもいいことを口にし墓穴を掘った。　このベッドもアッという間に破壊され、なおかつプレス機で固められてただの粗大ゴミと化した姿を目の当たりにした狩野は、複雑な表情を浮かべたが、人生のリセットへ自身を納得させていた。,1日の番組内のコーナーで、狩野英孝が思い出のつまったベッドを破壊された.結婚時代も、離婚してからも使い続けた愛用のベッドを出品した狩野.あっという間に破壊され粗大ゴミ化した姿に、狩野は複雑な表情を浮かべた.
12229155,2016年11月2日 13時34分,生活保護受給者に職員が「死ね」,大阪市城東区役所でケースワーカーをしている５０代の男性職員が、生活保護受給者に「死ね」などと発言し、弁護士らでつくる市の公正職務審査委員会が今年８月、「発言は不適正だった」として同区に伝えていたことがわかった。　市総務局監察課などによると、今年３月１７日、職員は生活保護を受給している４０代男性と電話で口論になり、「死ね言うたら死んでくれるんか」などと言われ、「あほちゃうか、おまえ」「死ね」などと言い返したという。　男性から通報を受けた審査委が調査。職員は記録に「『死ね？』と聞き返した」と記入していたが、審査委は「一連の対話の中で男性に向けて発せられたと認識することも十分にあり得る状況だった」とし、「不適正な事実が確認できた」と判断した。区の担当課長は職員に「今後は丁寧に対応するように」と口頭で注意した。　担当課は取材に「やりとりの中でそのような文言が出てきたのは良くなかった。今後は丁寧な対応を心がけたい」と述べた。,要約が存在しません。
12229014,2016年11月2日 12時55分,朝霞市の監禁事件の第2回公判 母が被害少女の現在を明かす,埼玉県朝霞市の少女（１５）が誘拐され、今年３月に２年ぶりに保護された事件で、未成年者誘拐と監禁致傷などの罪に問われた東京都中野区東中野、寺内樺風（かぶ）被告（２４）の第２回公判が２日、さいたま地裁（松原里美裁判長）であった。　検察側証人として出廷した少女の母親が「（被告は）娘が家族や友だちと積み重ねていく経験や思い出を奪った。娘の２年間をめちゃくちゃにした」と話した。　母親の証言によると、少女は保護されて以降、微熱が続いて物事に集中できず、母親が頭をなでるとフラッシュバックで手を払いのけることもあった。一人で寝ることや入浴、外出ができず、被害に遭う前と同じ生活ができないという。　母親は「娘が社会復帰できるのか、家族以外の人を信用できる日が来るのか心配だ」と話し、寺内被告に対して「（自分がやったことを）理解できていないのが悔しい」と訴えた。　弁護側証人として出廷した寺内被告の父親は、「被害者と家族の方に取り返しのつかないことをして申し訳ない」と繰り返し頭を下げた。被告に対して「心から反省して罪を償ってほしい」と話した。,朝霞市の少女誘拐監禁事件の第2回公判で、母親が被害少女の現在を明かした.1人で寝ることや外出が出来ず、被害に遭う前と同じ生活が出来ないという.「社会復帰できるのか、人を信用できる日が来るのか心配だ」と話した.
